{
  "total_projects": 7275,
  "total_contractors": 15,
  "total_provinces": 84,
  "avg_global_delay": 261.25773195876286,
  "total_savings": 7383652775.989996
}